Traffic,Detected %,No Detected %,Detected Samples,No Detected Samples
Normal,98.9448449068789,1.0551550931211064,60671,647
generic,99.9009715994021,0.09902840059790732,53467,53
reconnaissance,98.78598681928547,1.2140131807145336,2848,35
dos,94.44444444444444,5.555555555555555,901,53
