Traffic,Detected %,No Detected %,Detected Samples,No Detected Samples
Normal,96.80130656469089,3.198693435309114,72903,2409
Exploits,97.4255747430872,2.5744252569128085,27588,729
Fuzzers,96.3191894780871,3.680810521912906,20725,792
Analysis,99.83922829581994,0.1607717041800643,621,1
Backdoor,98.03921568627452,1.9607843137254901,350,7
Shellcode,97.35274652547982,2.6472534745201854,1471,40
Worms,96.55172413793103,3.4482758620689653,168,6
