Traffic,Detected %,No Detected %,Detected Samples,No Detected Samples
Normal,98.94571914170385,1.0542808582961547,74518,794
Exploits,65.529540558675,34.470459441325,18556,9761
Fuzzers,48.17121345912534,51.82878654087466,10365,11152
Analysis,41.639871382636656,58.360128617363344,259,363
Backdoor,68.34733893557423,31.65266106442577,244,113
Shellcode,85.83719391131702,14.162806088682991,1297,214
Worms,38.50574712643678,61.49425287356322,67,67
