Traffic,Detected %,No Detected %,Detected Samples,No Detected Samples
Normal,98.52898007110473,1.4710199288952672,60416,902
generic,99.97757847533633,0.02242152466367713,53508,12
reconnaissance,99.96531390912244,0.0346860908775581,2882,1
dos,97.27463312368972,2.7253668763102725,928,26
